W,K,grid_strategy,interp_method,collapse_method,mae,mse,rmse,max_err,q_mean
10.0,128,uniform,linear,ls,5.369063365226174,46.49994208451151,6.8190866019219545,20.274794243921704,-0.07828157647078601
10.0,128,uniform,linear,fft,11.142413626510898,219.1821152947952,14.804800413879114,62.13692016889691,-2.47207485403094
10.0,128,uniform,linear,gaussian,0.12371871173898785,2.133999227849249,1.4608214222995393,39.89822670059037,-1.7879686669660926
10.0,128,uniform,polar,ls,5.476886084784754,46.672028785145805,6.831692966252641,20.274794243921704,0.12909637849281583
10.0,128,uniform,polar,fft,11.43467573602217,144.5133402277353,12.021370147688462,19.995346339226387,3.7167826355541087
10.0,128,uniform,polar,gaussian,18.31908723011421,404.5175983280376,20.112622860483352,39.89822670059037,-3.7349889847215514
10.0,128,uniform,pchip,ls,5.475592534416631,47.0532156700831,6.859534654047831,20.274794243921704,0.0641162056483096
10.0,128,uniform,pchip,fft,10.57328302347308,194.57910333095515,13.949161384504631,54.93005659899221,-5.304865075818749
10.0,128,uniform,pchip,gaussian,0.5326601964583502,2.452922383551701,1.5661808272200568,39.89822670059037,-1.3362507804654804
10.0,128,uniform,lanczos,ls,5.157255886857077,45.46467455433366,6.74274977693327,20.274794243921704,-0.09073846234075676
10.0,128,uniform,lanczos,fft,10.83612817119732,199.76616450612465,14.133865872652274,54.55188894241096,-2.0355370399022124
10.0,128,uniform,lanczos,gaussian,0.3040645720061015,2.2014059587663533,1.4837135703249307,39.89822670059037,-1.5470045644563004
10.0,128,two_density_regions,linear,ls,2.7157265539605295,18.39302412017631,4.288708910636896,20.611702411528455,-0.9087552367653229
10.0,128,two_density_regions,linear,gaussian,0.003340020786765294,1.2225247239990629e-05,0.0034964621033253926,0.005123713353744286,-1.6786111418321785
10.0,128,two_density_regions,polar,ls,2.0980655884311643,15.020717108870521,3.8756569906108203,20.611702411528455,-0.9699301279580662
10.0,128,two_density_regions,polar,gaussian,2.8476480432952183e-15,1.2942857306563333e-29,3.597618282497927e-15,7.105427357601002e-15,-1.6752711210454156
10.0,128,two_density_regions,pchip,ls,2.3885525898417455,15.391586310332915,3.9232112242820825,20.611702411528455,-0.7147417571503187
10.0,128,two_density_regions,pchip,gaussian,0.00581626120226336,6.137275905303113e-05,0.007834076783707901,0.01712560799252305,-1.6783650796728828
10.0,128,two_density_regions,lanczos,ls,7.8751146554334746,150.7684374746016,12.278779966861594,50.703836126350794,0.11335248616904245
10.0,128,two_density_regions,lanczos,gaussian,4.163160591797361,30.561028982004927,5.528203051806702,17.193988831415858,-3.9115714971221025
10.0,128,three_density_regions,linear,ls,1.184714402065317,3.790742342111865,1.9469828818230182,11.321768189493426,-1.3369754922637962
10.0,128,three_density_regions,linear,gaussian,0.07749984504718689,0.10867820347787817,0.32966377337808617,8.578323524091807,-1.7524058915621383
10.0,128,three_density_regions,polar,ls,0.8543421924569988,2.754397865462858,1.6596378717849438,11.321768189493426,-1.3991022862870341
10.0,128,three_density_regions,polar,gaussian,0.2676142373016378,0.877047255644648,0.9365080115218706,8.578323524091807,-1.9428070641244106
10.0,128,three_density_regions,pchip,ls,1.000529793517084,2.9943446635590187,1.7304174824472327,11.321768189493426,-1.2020010358485038
10.0,128,three_density_regions,pchip,gaussian,0.05567219656123975,0.1033790624407139,0.3215261458119913,8.578323524091807,-1.729912853589042
10.0,128,three_density_regions,lanczos,ls,5.718427667644694,53.9211534457381,7.34310244009561,21.892777023812897,-0.0742676502606976
10.0,128,three_density_regions,lanczos,gaussian,4.341685103517321,36.36421650132688,6.0302749938395745,22.95434611088914,-4.441701986415422
10.0,128,four_density_regions,linear,ls,0.5270539389832105,0.7947035074975592,0.8914614447622282,5.635763009707663,-1.5343746272278265
10.0,128,four_density_regions,linear,gaussian,0.021628703188635214,0.003962986122480738,0.06295225271966634,1.1605555342551774,-1.687670083689187
10.0,128,four_density_regions,polar,ls,0.3849510267835473,0.5806046924348293,0.7619742071978745,5.635763009707663,-1.5529288038132738
10.0,128,four_density_regions,polar,gaussian,0.014982957710910929,0.00371322493230882,0.06093623661097574,1.1605555342551774,-1.6796992008158644
10.0,128,four_density_regions,pchip,ls,0.4292099352596136,0.6182232389821641,0.7862717335515529,5.635763009707663,-1.469342815779679
10.0,128,four_density_regions,pchip,gaussian,0.02284254728663437,0.0038432448227550377,0.061993909561787096,1.1605555342551774,-1.67830267305983
10.0,128,four_density_regions,lanczos,ls,7.195300942677049,112.06813869263746,10.586224005406152,38.85648412435296,-0.04477968368917341
10.0,128,four_density_regions,lanczos,gaussian,4.231334237784159,32.91130299824481,5.73683736899041,20.219217683718238,-4.1782188474682185
10.0,128,exponential_decay,linear,ls,2.6746055805334246,17.89876798347267,4.2306935582091825,20.44738799368354,-0.9338793241303248
10.0,128,exponential_decay,linear,gaussian,0.020850913612126338,0.00046520598475433434,0.021568634281157774,0.04488865887014093,-1.6961220346575394
10.0,128,exponential_decay,polar,ls,2.066177019582449,14.601100620459484,3.8211386549639212,20.44738799368354,-0.9811839517508523
10.0,128,exponential_decay,polar,gaussian,2.99234711083803e-15,9.91597746997757e-30,3.1489645075766684e-15,5.329070518200751e-15,-1.6752711210454163
10.0,128,exponential_decay,pchip,ls,2.3268469410381556,15.03109615879565,3.876995764608939,20.44738799368354,-0.7517953966279647
10.0,128,exponential_decay,pchip,gaussian,0.025590177439563207,0.0008145471281289606,0.028540272040205934,0.06382332378840427,-1.6787863467354167
10.0,128,exponential_decay,lanczos,ls,5.8680522638904105,54.49980933892359,7.382398616907894,20.44738799368354,0.9012359740548019
10.0,128,exponential_decay,lanczos,gaussian,4.373612479171089,36.35844168256923,6.029796155971546,17.98450417953387,-4.7629328182896
10.0,128,linear_decay,linear,ls,0.1549386655209679,0.06517004330062245,0.2552842402120085,1.5786648065887476,-1.6502136764994029
10.0,128,linear_decay,linear,gaussian,0.04585745149093771,0.00245697160382908,0.04956784848900626,0.11040459808851999,-1.706038769567035
10.0,128,linear_decay,polar,ls,0.1025015995964175,0.041994354191460595,0.20492524049384594,1.5786648065887476,-1.6430031643303364
10.0,128,linear_decay,polar,gaussian,1.9927022994655394e-15,5.171751551376213e-30,2.2741485332704662e-15,3.552713678800501e-15,-1.675271121045415
10.0,128,linear_decay,pchip,ls,0.11086022773615033,0.04252042285741834,0.20620480803661767,1.5786648065887476,-1.621583897075343
10.0,128,linear_decay,pchip,gaussian,0.07053198815233853,0.006888688439481881,0.0829981231081877,0.1985403689962304,-1.6835131183492098
10.0,128,linear_decay,lanczos,ls,7.372387961364116,85.65785139154374,9.255152694123622,22.742659325540128,-0.22639169203638645
10.0,128,linear_decay,lanczos,gaussian,4.538444967963329,40.33169142330461,6.3507236928797814,18.955158657658053,-5.148416483767607
10.0,128,quadratic_decay,linear,ls,0.0007418293722124827,1.3886137481387851e-06,0.001178394563861691,0.006868560660155509,-1.6751876624222624
10.0,128,quadratic_decay,linear,gaussian,0.041186245439846794,0.0029985758408797207,0.05475925347262982,0.19259854000291554,-1.6827319834471048
10.0,128,quadratic_decay,polar,ls,0.0004382101109043522,7.729716543336537e-07,0.0008791880653953701,0.006868560660155509,-1.6751336440629478
10.0,128,quadratic_decay,polar,gaussian,2.1919503249516006e-15,6.185109122541371e-30,2.4869879618810725e-15,3.552713678800501e-15,-1.675271121045415
10.0,128,quadratic_decay,pchip,ls,0.0005840302068262247,8.206626290464892e-07,0.0009059043156131277,0.006868560660155509,-1.6748478604280173
10.0,128,quadratic_decay,pchip,gaussian,0.08027663414875243,0.011055835366501145,0.10514673255266255,0.26641073288482353,-1.6571743264245564
10.0,128,quadratic_decay,lanczos,ls,4.7789700975545175,46.477415798334,6.8174346933677334,20.428622266314875,-0.780206036434114
10.0,128,quadratic_decay,lanczos,gaussian,4.335450557403315,36.156793666497784,6.013051942773967,22.23198368462674,-4.7852970487510165
10.0,256,uniform,linear,ls,4.08337653559642,35.319051810069546,5.942983409876688,21.11469664601759,-0.4462426698956251
10.0,256,uniform,linear,fft,10.888754709532714,184.7715963522936,13.593071630514334,39.9994749540205,1.1211407400767697
10.0,256,uniform,linear,gaussian,0.009933732181997043,0.00011362708458659069,0.010659600582882582,0.014925059606231805,-1.684909510993088
10.0,256,uniform,polar,ls,3.2549764844761873,31.490467262220182,5.6116367721209635,21.11469664601759,-0.551971059298854
10.0,256,uniform,polar,fft,11.0995150382414,191.06792315467777,13.822732116143964,39.9994749540205,1.6753755690156231
10.0,256,uniform,polar,gaussian,3.179819370776234e-14,1.2109902979958487e-27,3.4799285883417904e-14,5.240252676230739e-14,-1.6752711210453815
10.0,256,uniform,pchip,ls,3.872630947627989,32.420863320770394,5.69393214929458,21.11469664601759,-0.1742480709023979
10.0,256,uniform,pchip,fft,10.710110886151671,182.74291735634674,13.518243871019147,39.9994749540205,-1.6051588731111393
10.0,256,uniform,pchip,gaussian,0.03579868443069621,0.002123487723313627,0.04608131642340122,0.13396346853836683,-1.6692786954755607
10.0,256,uniform,lanczos,ls,3.2547755076361344,31.363449119335694,5.60030794861637,21.11469664601759,-0.5299888123795227
10.0,256,uniform,lanczos,fft,11.07600559612525,190.18216003033677,13.790654807888448,39.9994749540205,1.6808081288202144
10.0,256,uniform,lanczos,gaussian,0.004367936833332752,3.7420314954498263e-05,0.006117214640218068,0.018130524889120814,-1.6759260229780617
10.0,256,two_density_regions,linear,ls,0.840658314636281,1.945923196241105,1.3949635107203002,8.401749514257148,-1.4366328413203329
10.0,256,two_density_regions,linear,gaussian,0.00020004256714778278,5.1776287865474584e-08,0.00022754403500306174,0.0003817326827570966,-1.6754696316129818
10.0,256,two_density_regions,polar,ls,0.60118928744765,1.3910972198866538,1.1794478453440211,8.401749514257148,-1.4826336347296425
10.0,256,two_density_regions,polar,gaussian,2.276993408637888e-15,8.202904384531922e-30,2.8640712952948503e-15,7.105427357601002e-15,-1.675271121045415
10.0,256,two_density_regions,pchip,ls,0.7022373141801879,1.5231692162305634,1.2341674182340756,8.401749514257148,-1.3167876467659303
10.0,256,two_density_regions,pchip,gaussian,0.00029859525139406656,1.5261395054662895e-07,0.0003906583552755898,0.0013287133780135463,-1.6752256492395863
10.0,256,two_density_regions,lanczos,ls,5.789982346893201,66.54699454357332,8.157634126606398,22.26877499624429,0.02761903913203155
10.0,256,two_density_regions,lanczos,gaussian,4.160664823859123,30.474477505264765,5.520369326889711,17.12394013500563,-3.8984790718633957
10.0,256,three_density_regions,linear,ls,0.3214318652002348,0.2923274202714055,0.5406731177628545,3.4158246441323072,-1.5848096355376637
10.0,256,three_density_regions,linear,gaussian,0.00709064298886453,0.00013324004811660244,0.011542965308645887,0.027134344635427965,-1.6823229163354452
10.0,256,three_density_regions,polar,ls,0.2271764627290592,0.20432037803170824,0.45201811692863403,3.4158246441323072,-1.6034266450772392
10.0,256,three_density_regions,polar,gaussian,2.7232290496688923e-15,8.846939466585563e-30,2.9743805181223138e-15,5.329070518200751e-15,-1.6752711210454156
10.0,256,three_density_regions,pchip,ls,0.26271731802667725,0.22671660130172533,0.47614766753783994,3.4158246441323072,-1.5501698028450746
10.0,256,three_density_regions,pchip,gaussian,0.0013054158908112259,9.107693611168404e-06,0.003017895560016682,0.0159589032042895,-1.6745258517102954
10.0,256,three_density_regions,lanczos,ls,5.900016516400557,62.718847722685574,7.919523200463875,21.682884340491746,0.07668001908204493
10.0,256,three_density_regions,lanczos,gaussian,4.096156794127088,29.223235098857266,5.405851930903886,13.711828666527047,-4.193538336290318
10.0,256,four_density_regions,linear,ls,0.12957908778465,0.04796153188335642,0.21900121434219588,1.4062872019662152,-1.638916345051924
10.0,256,four_density_regions,linear,gaussian,0.00626368500499279,7.314015817800662e-05,0.008552201949089289,0.029737785574486253,-1.675485845535874
10.0,256,four_density_regions,polar,ls,0.09120425118674522,0.03326278397321881,0.18238087611703924,1.4062872019662152,-1.6465660258932366
10.0,256,four_density_regions,polar,gaussian,0.00492973861949458,3.988880146036265e-05,0.006315758185709982,0.017344662852011083,-1.6738796936477116
10.0,256,four_density_regions,pchip,ls,0.10645177361313997,0.03757474851648301,0.19384207106942242,1.4062872019662152,-1.6254037442588554
10.0,256,four_density_regions,pchip,gaussian,0.006362964622405525,8.026883567851616e-05,0.008959287676959377,0.034648045370998304,-1.6748469227974863
10.0,256,four_density_regions,lanczos,ls,5.838212914417344,61.608867261505495,7.849131624677057,21.603314262063073,0.07608595681621172
10.0,256,four_density_regions,lanczos,gaussian,4.139440865461251,30.00187533498701,5.477396766255573,14.726060241235096,-4.058522437402685
10.0,256,exponential_decay,linear,ls,0.8134125698116089,1.865749901563573,1.3659245592504634,8.406131197166893,-1.4592288924993069
10.0,256,exponential_decay,linear,gaussian,0.0012605763782917508,1.6979773139579937e-06,0.001303064585489911,0.0019139866791428872,-1.6764531791627262
10.0,256,exponential_decay,polar,ls,0.5980346992754217,1.3796667158144724,1.1745921487114037,8.406131197166893,-1.483833380255787
10.0,256,exponential_decay,polar,gaussian,3.087848495416286e-14,1.1209393933437458e-27,3.3480432992178366e-14,5.262457136723242e-14,-1.6752711210453823
10.0,256,exponential_decay,pchip,ls,0.6729480351134,1.4732064719457327,1.2137571717381253,8.406131197166893,-1.3519276824370385
10.0,256,exponential_decay,pchip,gaussian,0.0015507515708779614,4.866336965870114e-06,0.002205977553346841,0.00736100730376954,-1.6742782716522562
10.0,256,exponential_decay,lanczos,ls,7.289864470119734,90.23250041202111,9.49907892440215,22.494013128572675,1.5759346229807263
10.0,256,exponential_decay,lanczos,gaussian,3.906043060691807,25.89632836983509,5.088843519881024,11.937214032393324,-4.2839355756487425
10.0,256,linear_decay,linear,ls,0.009817702059111392,0.0002632898948914908,0.016226210121019966,0.10134069896984954,-1.673700688090438
10.0,256,linear_decay,linear,gaussian,0.002848882488193589,1.0200315782181408e-05,0.0031937933217698056,0.007101323581510499,-1.6781164557791777
10.0,256,linear_decay,polar,ls,0.006472133897701911,0.00016854380483734946,0.012982442175390171,0.10134069896984954,-1.6732402444310484
10.0,256,linear_decay,polar,gaussian,3.5920747857668784e-14,1.3837135173663227e-27,3.7198299925753635e-14,5.3734794391857577e-14,-1.6752711210453772
10.0,256,linear_decay,pchip,ls,0.0075702458738099,0.00017580288305034332,0.013259067955566988,0.10134069896984954,-1.6710111694024803
10.0,256,linear_decay,pchip,gaussian,0.0046575729805981275,3.287020230368069e-05,0.005733254076323558,0.0131114985261509,-1.6734646208294575
10.0,256,linear_decay,lanczos,ls,5.6054012568649005,51.768042237574534,7.195001197885553,19.322510766454272,-0.5313841545989507
10.0,256,linear_decay,lanczos,gaussian,3.7625580342671503,23.718082214377816,4.87012137573365,10.77113330062799,-4.340002572234564
10.0,256,quadratic_decay,linear,ls,1.1591804854676368e-05,3.390679604198872e-10,1.8413798098705414e-05,0.00010733353411751523,-1.6752698170072593
10.0,256,quadratic_decay,linear,gaussian,0.003256980313711477,1.4486041413799092e-05,0.003806053259453826,0.008597220873387101,-1.676722050789423
10.0,256,quadratic_decay,polar,ls,6.84733404010851e-06,1.8873571191951242e-10,1.3738111657702904e-05,0.00010733353411751523,-1.675268972909515
10.0,256,quadratic_decay,polar,gaussian,5.7644999884587375e-15,4.109391337719912e-29,6.410453445521551e-15,1.4210854715202004e-14,-1.6752711210454074
10.0,256,quadratic_decay,pchip,ls,9.12678649626771e-06,2.004099066328028e-10,1.4156620593658742e-05,0.00010733353411751523,-1.6752645070960417
10.0,256,quadratic_decay,pchip,gaussian,0.007542518956898881,0.00012350256554606584,0.011113170814221559,0.031158704355568556,-1.6725696807016335
10.0,256,quadratic_decay,lanczos,ls,6.852939488978556,77.10846264063315,8.781142445071321,20.36296466211251,1.166630533068051
10.0,256,quadratic_decay,lanczos,gaussian,4.133314215637692,28.65339244992543,5.352886366244424,11.581643713118908,-4.592538126410258
10.0,512,uniform,linear,ls,1.6868059631222199,7.454505720074647,2.730294072087226,14.993788470720927,-1.1893089264653678
10.0,512,uniform,linear,fft,11.049309089054649,189.5207756909789,13.766654484332019,39.99965022120571,1.5490333370248233
10.0,512,uniform,linear,gaussian,0.001007120788991453,1.147084993585485e-06,0.001071020538358385,0.0019411542248235492,-1.6762782418344049
10.0,512,uniform,polar,ls,1.2324514464244138,5.559118832037598,2.3577783678788804,14.993788470720927,-1.2717106793555146
10.0,512,uniform,polar,fft,11.099560874835467,191.0671171713527,13.822702961843342,39.99965022120571,1.6753196442092848
10.0,512,uniform,polar,gaussian,3.3572996234928116e-14,1.213913278277376e-27,3.4841258276321996e-14,5.1736392947532295e-14,-1.6752711210453797
10.0,512,uniform,pchip,ls,1.474429374771184,5.870533657202149,2.4229184173640985,14.993788470720927,-0.9969069732640667
10.0,512,uniform,pchip,fft,11.275430802954336,197.1161185154319,14.039804789078511,39.99965022120571,0.9741962308265327
10.0,512,uniform,pchip,gaussian,0.0018214253516317634,7.641093422228573e-06,0.0027642527782799774,0.009931507697350739,-1.6758948140845205
10.0,512,uniform,lanczos,ls,1.4109996704603394,5.926306304640932,2.434400604798013,14.993788470720927,-1.0447849453737237
10.0,512,uniform,lanczos,fft,11.040798984119858,189.18271829782722,13.754370879754088,39.99965022120571,1.289414358942814
10.0,512,uniform,lanczos,gaussian,0.0004269217440559003,3.750180315716151e-07,0.0006123871582353888,0.002177270789780472,-1.6751430258561923
10.0,512,two_density_regions,linear,ls,0.22371702114890116,0.14230118631437147,0.3772282946895308,2.403265734414884,-1.6124096182007042
10.0,512,two_density_regions,linear,gaussian,1.0106050177437783e-05,1.6149017633906844e-10,1.2707878514491253e-05,2.8472873211171645e-05,-1.6752775636905415
10.0,512,two_density_regions,polar,ls,0.1577805547669257,0.09906394732727915,0.3147442570203294,2.403265734414884,-1.6254951671322062
10.0,512,two_density_regions,polar,gaussian,3.123205398007182e-15,1.1851579177754859e-29,3.4426122607338254e-15,7.105427357601002e-15,-1.6752711210454163
10.0,512,two_density_regions,pchip,ls,0.1834245365593068,0.11110545158150509,0.33332484393081935,2.403265734414884,-1.5886638937568909
10.0,512,two_density_regions,pchip,gaussian,2.3724275629969076e-05,7.455594843901643e-10,2.7304935165463484e-05,5.6581465916138995e-05,-1.6752719805240435
10.0,512,two_density_regions,lanczos,ls,5.930753413737331,57.42908907998709,7.578198273995415,22.876928365580017,0.01702761072061199
10.0,512,two_density_regions,lanczos,gaussian,4.162995051873944,30.556809944834114,5.5278214465405915,17.126089290715775,-3.915532601167223
10.0,512,three_density_regions,linear,ls,0.08170439980257746,0.01911292920519051,0.1382495179202825,0.8912684655633214,-1.652365688022189
10.0,512,three_density_regions,linear,gaussian,0.008832440619450904,0.00012715861090043776,0.011276462694499449,0.030792295789751734,-1.6729512816975054
10.0,512,three_density_regions,polar,ls,0.05744938567679873,0.013230278541401793,0.1150229478904179,0.8912684655633214,-1.6572114218442624
10.0,512,three_density_regions,polar,gaussian,0.008751854736692837,0.00012571971920048537,0.011212480510595564,0.030792295789751734,-1.6728008946497985
10.0,512,three_density_regions,pchip,ls,0.06719581469980355,0.014995535062010047,0.12245625774949212,0.8912684655633214,-1.6439149681601957
10.0,512,three_density_regions,pchip,gaussian,0.00865517087255048,0.00012276545225989546,0.0110799572318622,0.030792295789751734,-1.6725801775699625
10.0,512,three_density_regions,lanczos,ls,5.932046841881102,64.16958850966128,8.010592269592884,22.170156812201117,0.06417389696824422
10.0,512,three_density_regions,lanczos,gaussian,4.0989066665435905,29.25235240687105,5.408544388915658,13.780262392281491,-4.180557473308081
10.0,512,four_density_regions,linear,ls,0.0323897249720051,0.0030108373424925635,0.054871097514926415,0.35517229682534435,-1.666197972598345
10.0,512,four_density_regions,linear,gaussian,0.04317559600884927,0.0030569717320782785,0.05528988815396789,0.15204408116862567,-1.6875417220244986
10.0,512,four_density_regions,polar,ls,0.02275080640625972,0.0020801184395000416,0.045608315464397954,0.35517229682534435,-1.6681279954075963
10.0,512,four_density_regions,polar,gaussian,0.0432143066254841,0.003065196347182142,0.055364215402930995,0.15204408116862567,-1.6874684351124989
10.0,512,four_density_regions,pchip,ls,0.026664933935808703,0.00236534148666895,0.04863477651505094,0.35517229682534435,-1.6628742617443235
10.0,512,four_density_regions,pchip,gaussian,0.04318066001141091,0.0030574622273768087,0.05529432364517002,0.15204408116862567,-1.6874947083036822
10.0,512,four_density_regions,lanczos,ls,5.870700655544189,62.72005205215122,7.919599235576963,22.083560602559945,0.08983760938583871
10.0,512,four_density_regions,lanczos,gaussian,4.143306606189739,30.190411676081645,5.494580209268188,14.847340438063606,-4.0914234600226616
10.0,512,exponential_decay,linear,ls,0.20992626504576345,0.12810635277740662,0.3579194780637212,2.3262664454896793,-1.6199504888383522
10.0,512,exponential_decay,linear,gaussian,7.095622533038519e-05,5.163265935659499e-09,7.185586918032165e-05,0.00011553638958083923,-1.6753402286885102
10.0,512,exponential_decay,polar,ls,0.1523675482926846,0.09247004909073299,0.3040888835369241,2.3262664454896793,-1.627224389596169
10.0,512,exponential_decay,polar,gaussian,3.356951753611762e-14,1.2790517377841204e-27,3.5763832817304694e-14,5.417888360170764e-14,-1.6752711210453797
10.0,512,exponential_decay,pchip,ls,0.17283312117119648,0.1006108472692032,0.31719212989795825,2.3262664454896793,-1.5965237497931506
10.0,512,exponential_decay,pchip,gaussian,6.932297995171529e-05,6.58209589206608e-09,8.113011704703796e-05,0.00027351291690358437,-1.6752326090425207
10.0,512,exponential_decay,lanczos,ls,8.265374702845552,118.13269636922064,10.86888662049709,23.360024569795627,2.587423901407481
10.0,512,exponential_decay,lanczos,gaussian,3.915093554722972,25.97855497768755,5.096916222353233,11.94054165556756,-4.2900256998677575
10.0,512,linear_decay,linear,ls,0.0006141345925094485,1.0306473681160713e-06,0.001015208041790485,0.0063443884906462245,-1.6751729524001517
10.0,512,linear_decay,linear,gaussian,0.00017014274098752232,3.277014614193626e-08,0.00018102526382230813,0.0002893908129379952,-1.6754412637864007
10.0,512,linear_decay,polar,ls,0.00040476704846767984,6.594920988099316e-07,0.0008120911887281696,0.0063443884906462245,-1.6751441360256492
10.0,512,linear_decay,polar,gaussian,3.6250558110850763e-14,1.3824127843412263e-27,3.7180812045209907e-14,5.1514348342607263e-14,-1.6752711210453772
10.0,512,linear_decay,pchip,ls,0.00047378170848347745,6.887586530337696e-07,0.0008299148468570554,0.0063443884906462245,-1.67500483434842
10.0,512,linear_decay,pchip,gaussian,0.00018222461906858975,5.0770538477842345e-08,0.00022532318672928968,0.0006496283739694242,-1.6752031388996655
10.0,512,linear_decay,lanczos,ls,5.649909559351501,54.697091612651285,7.395748211820849,20.613383007616402,-0.5358958405780168
10.0,512,linear_decay,lanczos,gaussian,3.7656359916476734,23.75007757441297,4.873405131364821,10.772243592240265,-4.345822810781186
10.0,512,quadratic_decay,linear,ls,1.8112212873977463e-07,8.278045940444919e-14,2.877159352633239e-07,1.677089478846483e-06,-1.6752711006698189
10.0,512,quadratic_decay,linear,gaussian,0.0002029388612242265,8.106107472361817e-08,0.00028471226654926227,0.0009108586663852947,-1.6754740599066376
10.0,512,quadratic_decay,polar,ls,1.0688795402025165e-07,4.6051427020561e-14,2.1459596226527888e-07,1.677089478846483e-06,-1.67527108743556
10.0,512,quadratic_decay,polar,gaussian,3.544979125062279e-14,1.3495553758927409e-27,3.6736295075752275e-14,5.1514348342607263e-14,-1.675271121045378
10.0,512,quadratic_decay,pchip,ls,1.4260639338159464e-07,4.89284154701756e-14,2.2119768414288518e-07,1.677089478846483e-06,-1.6752710177022994
10.0,512,quadratic_decay,pchip,gaussian,0.0003604206661806289,2.2825704370385555e-07,0.0004777625390336245,0.0013557214251163074,-1.675207765803792
10.0,512,quadratic_decay,lanczos,ls,4.6116655449966935,37.37542916677707,6.113544730087208,21.822796432868213,-1.4484764312723404
10.0,512,quadratic_decay,lanczos,gaussian,3.8653542464577924,25.224380106028605,5.022387888846161,11.570558611278422,-4.307225209650127
20.0,128,uniform,linear,ls,5.549512881555209,47.33487844295722,6.880034770475889,20.050862580642114,0.019166268671153414
20.0,128,uniform,linear,fft,19.503461536934324,2742.203923457102,52.36605697832425,214.97942502224407,-11.621855775421457
20.0,128,uniform,linear,gaussian,8.584137954884264,101.25159879925462,10.062385343409117,19.949113350295185,-1.809220949805802
20.0,128,uniform,polar,ls,5.59757949026135,47.90925259608194,6.921651002187407,20.050862580642114,0.041701375056214025
20.0,128,uniform,polar,fft,7.05888843337457,66.12938197222297,8.13199741590115,20.051704352574436,2.7196347763069935
20.0,128,uniform,polar,gaussian,9.180822669297415,101.55389784703641,10.077395390031912,19.949113350295185,-2.7317288706838645
20.0,128,uniform,pchip,ls,5.567603241579138,47.591955981802066,6.8986923385379395,20.050862580642114,0.021170811197744516
20.0,128,uniform,pchip,fft,26.611352051245426,10064.19718930014,100.32047243359722,491.7456653738663,20.48800115275889
20.0,128,uniform,pchip,gaussian,8.639842065764778,94.97338099924197,9.745428723213873,19.949113350295185,-1.48724499860645
20.0,128,uniform,lanczos,ls,5.586550739081616,47.811407444217494,6.914579339642976,20.050862580642114,0.02767178297703804
20.0,128,uniform,lanczos,fft,10.641647624003344,394.89042587303896,19.871850086819773,89.4719413036721,5.458214838376716
20.0,128,uniform,lanczos,gaussian,9.10110030510932,100.93828792865446,10.046804861678885,19.949113350295185,-2.6801884291108395
20.0,128,two_density_regions,linear,ls,4.9019585720554995,44.496781401983675,6.670590783580093,19.18335744460887,-0.24121903227429295
20.0,128,two_density_regions,linear,gaussian,0.022915124384120522,0.0007031819309488039,0.02651757777303206,0.04098483123570845,-1.6975338398736408
20.0,128,two_density_regions,polar,ls,4.181141886380084,43.80489234722771,6.61852644832879,19.18335744460887,-0.2635496176269607
20.0,128,two_density_regions,polar,gaussian,2.2202462091058805e-14,5.583898464063302e-28,2.363027393845298e-14,4.1744385725905886e-14,-1.6752711210453908
20.0,128,two_density_regions,pchip,ls,4.79359034230136,43.41660030513093,6.589127431240872,19.18335744460887,-0.022511595182887357
20.0,128,two_density_regions,pchip,gaussian,0.11393493539688807,0.02153175472644339,0.1467370257516602,0.3288579326595791,-1.575277464552252
20.0,128,two_density_regions,lanczos,ls,5.47013026591862,46.83326509960678,6.843483403911109,19.18335744460887,0.4560912894275093
20.0,128,two_density_regions,lanczos,gaussian,4.162921025771304,30.552579081854123,5.527438745192399,17.19406099610415,-3.910187831701106
20.0,128,three_density_regions,linear,ls,3.3237270359690445,25.49506942307081,5.049264245716479,21.402456947174304,-0.6879633922750705
20.0,128,three_density_regions,linear,gaussian,0.005585269745833216,3.371948810005011e-05,0.005806848379288899,0.007988242871906692,-1.6808563907912464
20.0,128,three_density_regions,polar,ls,2.5615107269502606,21.214378535649605,4.605906917822982,21.402456947174304,-0.8020611274461594
20.0,128,three_density_regions,polar,gaussian,2.257083409062943e-15,7.069208547465628e-30,2.6587983277160434e-15,4.440892098500626e-15,-1.675271121045415
20.0,128,three_density_regions,pchip,ls,2.90610768680538,21.988453850087097,4.689184774572985,21.402456947174304,-0.5194287028373259
20.0,128,three_density_regions,pchip,gaussian,0.011169007027528403,0.000228899451127374,0.015129423357397797,0.033966682380413005,-1.6794927133001047
20.0,128,three_density_regions,lanczos,ls,5.565159127715286,49.480872911608536,7.034264205416835,21.402456947174304,0.11967162361285394
20.0,128,three_density_regions,lanczos,gaussian,4.212474765102383,32.497090661991706,5.70062195396184,17.968251193007983,-4.310611460948896
20.0,128,four_density_regions,linear,ls,1.8085368646417765,8.70094840875743,2.9497370067105018,16.242169779228607,-1.1766900196963945
20.0,128,four_density_regions,linear,gaussian,0.005129112094551079,5.197134695828019e-05,0.0072091155461873535,0.018398223984833706,-1.6793232935763318
20.0,128,four_density_regions,polar,ls,1.361092401197551,6.738550202993438,2.595871761661858,16.242169779228607,-1.2283498010938272
20.0,128,four_density_regions,polar,gaussian,8.090195180443516e-15,8.921620353271758e-29,9.445432945753073e-15,2.3092638912203256e-14,-1.6752711210454054
20.0,128,four_density_regions,pchip,ls,1.527483459466117,6.8758612431308395,2.622186347903375,16.242169779228607,-1.0315947904921967
20.0,128,four_density_regions,pchip,gaussian,0.018497407531602297,0.0008503410481504098,0.02916060781517439,0.07182315641534864,-1.6576291701305488
20.0,128,four_density_regions,lanczos,ls,6.61198063727791,89.9910341739188,9.486360428210537,41.08730086781229,-0.2928373889515591
20.0,128,four_density_regions,lanczos,gaussian,4.17988316431608,31.276446319541495,5.592534874235609,16.924144720977612,-4.135512640780503
20.0,128,exponential_decay,linear,ls,4.866739584255707,44.16986050384934,6.6460409646532685,19.176626075201256,-0.255772226259889
20.0,128,exponential_decay,linear,gaussian,0.13269401551274215,0.02129645353121933,0.14593304468563428,0.2238285864146965,-1.8058304369476457
20.0,128,exponential_decay,polar,ls,4.152647946086386,43.43258833773942,6.590340532760004,19.176626075201256,-0.27087507691555246
20.0,128,exponential_decay,polar,gaussian,4.359253698756523e-15,2.599513208587115e-29,5.0985421529954175e-15,1.4210854715202004e-14,-1.6752711210454105
20.0,128,exponential_decay,pchip,ls,4.735310426096133,42.99053001566729,6.556716405005427,19.176626075201256,-0.05665001358789779
20.0,128,exponential_decay,pchip,gaussian,0.19136786469471878,0.0458753962152326,0.2141854248431312,0.374909119425082,-1.6206292637187276
20.0,128,exponential_decay,lanczos,ls,6.064527289517644,50.51264776925179,7.107225040003432,19.176626075201256,0.38673765548619954
20.0,128,exponential_decay,lanczos,gaussian,4.175643178555102,31.633876925249098,5.624400139148094,18.3444206636309,-4.551160677984107
20.0,128,linear_decay,linear,ls,0.5932431118016698,0.9369625073020461,0.9679682367216633,5.796836568349075,-1.5760053973596035
20.0,128,linear_decay,linear,gaussian,0.33556764117068055,0.2047028682894071,0.45244101083943206,6.44585851596114,-2.010838762216094
20.0,128,linear_decay,polar,ls,0.3968823359298039,0.6166035357906978,0.7852410685838443,5.796836568349075,-1.5490831210776725
20.0,128,linear_decay,polar,gaussian,0.09858398238007567,0.2605562697164904,0.510447127248739,6.44585851596114,-1.7738551034254888
20.0,128,linear_decay,pchip,ls,0.5211784240908314,0.6523758626887665,0.8076978783485608,5.796836568349075,-1.3214433395860017
20.0,128,linear_decay,pchip,gaussian,0.30845414303413987,0.21838709527289582,0.46731905083454045,6.44585851596114,-1.9749311634700206
20.0,128,linear_decay,lanczos,ls,5.848187073928372,60.18690319900597,7.758021861209594,20.482834897737497,-0.3830177986613817
20.0,128,linear_decay,lanczos,gaussian,4.199477106803676,32.54697706181242,5.704995798579734,18.119542159850397,-4.7893250187400955
20.0,128,quadratic_decay,linear,ls,0.002966755122469955,2.2207650725398868e-05,0.004712499413835387,0.0274646688973732,-1.6749372843495485
20.0,128,quadratic_decay,linear,gaussian,0.20584896850211631,0.07425390661955057,0.2724957001854352,4.063005251388779,-1.8811200895475297
20.0,128,quadratic_decay,polar,ls,0.001752606778267496,1.2363171627731141e-05,0.0035161302063107876,0.0274646688973732,-1.6747212629905874
20.0,128,quadratic_decay,polar,gaussian,0.02422578728731411,0.053469327472427435,0.23123435616799556,4.063005251388779,-1.6994969083327276
20.0,128,quadratic_decay,pchip,ls,0.0023311964010707636,1.3098936420737692e-05,0.0036192452833066855,0.0274646688973732,-1.6735823714574034
20.0,128,quadratic_decay,pchip,gaussian,0.20719950131074985,0.08557154483493014,0.29252614384859715,4.063005251388779,-1.8824706223561631
20.0,128,quadratic_decay,lanczos,ls,6.261573168613846,67.23245462971516,8.199539903538195,21.233851091222846,-0.31169081956379785
20.0,128,quadratic_decay,lanczos,gaussian,4.294227031157659,34.31869753687157,5.858216241900905,16.515027512876273,-4.7364922541617975
20.0,256,uniform,linear,ls,5.3661889440107045,46.4848990475516,6.81798350302724,20.275945336247275,-0.07928205089178923
20.0,256,uniform,linear,fft,11.098734766022728,214.52327593666533,14.646613121696952,58.44370990989964,-2.384380586981034
20.0,256,uniform,linear,gaussian,0.06915757624516293,0.011017131589516045,0.10496252469103458,0.23663032334339817,-1.7336102875833348
20.0,256,uniform,polar,ls,4.642167824554319,43.92978449039153,6.6279547743170015,20.275945336247275,-0.276724233814954
20.0,256,uniform,polar,fft,11.079304270103693,189.75155936099753,13.775033915057978,34.007721961349475,1.6953979120898521
20.0,256,uniform,polar,gaussian,5.2182406543958375e-14,4.224751694093878e-27,6.499808992650383e-14,1.5276668818842154e-13,-1.6752711210454654
20.0,256,uniform,pchip,ls,5.472071235973857,47.03216234935372,6.857999879655417,20.275945336247275,0.06411977743871491
20.0,256,uniform,pchip,fft,10.557036511999444,192.1151920680776,13.860562473005112,52.028005002051266,-5.267951989123739
20.0,256,uniform,pchip,gaussian,0.4816221944140569,0.33300972822659797,0.5770699508955548,0.9753070390987979,-1.2795070911933544
20.0,256,uniform,lanczos,ls,5.147231525603981,45.42707775632463,6.739961257776237,20.275945336247275,-0.09359521091463126
20.0,256,uniform,lanczos,fft,10.811422070838185,196.4319351409565,14.01541776548086,51.13440194804365,-1.914014382894619
20.0,256,uniform,lanczos,gaussian,0.24625558713069184,0.07648233576036896,0.2765543992786391,0.42162614545539334,-1.4943548482170754
20.0,256,two_density_regions,linear,ls,2.615090087446655,16.784215394588855,4.096854329188293,19.753954504807446,-0.9088261548739704
20.0,256,two_density_regions,linear,gaussian,0.003007678121720127,1.0019368247573722e-05,0.0031653385676059555,0.004792194468083544,-1.6782787991671333
20.0,256,two_density_regions,polar,ls,1.9645485425001468,13.245604678741,3.639451150756251,19.753954504807446,-1.0166244342442665
20.0,256,two_density_regions,polar,gaussian,2.2943350922825328e-14,5.735159420065015e-28,2.3948192875590875e-14,4.218847493575595e-14,-1.6752711210453903
20.0,256,two_density_regions,pchip,ls,2.2491780843131193,13.592567000225822,3.6868098676533108,19.753954504807446,-0.7082363491792412
20.0,256,two_density_regions,pchip,gaussian,0.00582995639607828,5.715587386803768e-05,0.007560150386601954,0.01665054755432349,-1.6779460645443318
20.0,256,two_density_regions,lanczos,ls,5.428782459990149,59.86227570710163,7.737071520097357,19.753954504807446,-0.5269796007851791
20.0,256,two_density_regions,lanczos,gaussian,4.161891520606496,30.517915624253398,5.52430227488082,17.124379239328317,-3.9061842387221115
20.0,256,three_density_regions,linear,ls,1.1684619903816633,3.690912027926152,1.92117464795009,11.1910206036966,-1.3417104603575456
20.0,256,three_density_regions,linear,gaussian,0.00042799303247102163,2.1445068300891648e-07,0.00046308820219145776,0.0007364823882047844,-1.675696627460206
20.0,256,three_density_regions,polar,ls,0.8422806636126262,2.6797277268472275,1.6369873936127999,11.1910206036966,-1.4031144440630348
20.0,256,three_density_regions,polar,gaussian,6.806481304503601e-15,5.662589434770877e-29,7.525017896836443e-15,1.4210854715202004e-14,-1.6752711210454079
20.0,256,three_density_regions,pchip,ls,0.9864548668169828,2.9143523477629514,1.7071474300021516,11.1910206036966,-1.2068702553224502
20.0,256,three_density_regions,pchip,gaussian,0.0005462552432192053,5.131585019752464e-07,0.0007163508232529968,0.0020205628628158223,-1.6750846362242495
20.0,256,three_density_regions,lanczos,ls,5.709542445836532,49.39049163647776,7.027836910207704,19.76885978067929,0.03750500127843291
20.0,256,three_density_regions,lanczos,gaussian,4.3100338095872495,35.97680828600146,5.9980670458074625,24.07964831592882,-4.406307528954599
20.0,256,four_density_regions,linear,ls,0.49876833553161004,0.6975321210664112,0.8351838845825578,5.194390448518151,-1.5344924350873377
20.0,256,four_density_regions,linear,gaussian,0.000607038229210891,7.92652165767099e-07,0.0008903101514456067,0.0021765395475572547,-1.6758712750735403
20.0,256,four_density_regions,polar,ls,0.3538966600430183,0.49117808951579117,0.7008409873257921,5.194390448518151,-1.5628508372322907
20.0,256,four_density_regions,polar,gaussian,1.2749801214795298e-15,2.7423270255811187e-30,1.6559972903302465e-15,3.552713678800501e-15,-1.6752711210454139
20.0,256,four_density_regions,pchip,ls,0.39949563355196505,0.5323447228006506,0.7296195740251563,5.194390448518151,-1.4741891284397601
20.0,256,four_density_regions,pchip,gaussian,0.001575468169725783,6.207649122258331e-06,0.002491515426855377,0.006327666867290915,-1.6737856771026653
20.0,256,four_density_regions,lanczos,ls,5.832367253209294,57.563891792126554,7.587087174411966,20.83548654328733,0.173844948040379
20.0,256,four_density_regions,lanczos,gaussian,4.225056731770102,32.76271885001498,5.723872714344282,20.21651882086763,-4.149768559276718
20.0,256,exponential_decay,linear,ls,2.5623674246852137,16.572966192119814,4.07099081208983,20.068464476741326,-0.9612305972638221
20.0,256,exponential_decay,linear,gaussian,0.008643880403114076,7.887303485948631e-05,0.008881049198123289,0.011631800306373563,-1.6835123127087355
20.0,256,exponential_decay,polar,ls,1.971436205522649,13.413015871851718,3.6623784446520156,20.068464476741326,-1.0150230020079547
20.0,256,exponential_decay,polar,gaussian,1.493449808265268e-14,2.6569620450963405e-28,1.6300190321270304e-14,2.3092638912203256e-14,-1.6752711210453988
20.0,256,exponential_decay,pchip,ls,2.2151374226769995,13.75170131434868,3.70832864163206,20.068464476741326,-0.7875959171244937
20.0,256,exponential_decay,pchip,gaussian,0.011273517266449685,0.00016798247046759696,0.012960805162782016,0.021240657333472246,-1.6782475415636253
20.0,256,exponential_decay,lanczos,ls,5.3737561555550615,47.00556827197352,6.856060696345499,20.068464476741326,-0.07811563874865673
20.0,256,exponential_decay,lanczos,gaussian,4.343080480483725,35.54543222418121,5.961999012427058,17.939716474420045,-4.728333259163423
20.0,256,linear_decay,linear,ls,0.03916286574395257,0.004184318658543692,0.06468630966861297,0.4032005620753978,-1.6689928052479166
20.0,256,linear_decay,linear,gaussian,0.012654953197310395,0.00025583907455509165,0.01599497028928443,0.037985461474876914,-1.6879260742427238
20.0,256,linear_decay,polar,ls,0.025835644666525676,0.002682108997834416,0.05178908184004053,0.4032005620753978,-1.6671589244084775
20.0,256,linear_decay,polar,gaussian,2.3219944485693606e-15,1.2203941157404126e-29,3.4934139687995933e-15,1.4210854715202004e-14,-1.675271121045415
20.0,256,linear_decay,pchip,ls,0.03004996191928139,0.002781460436459579,0.05273955286556361,0.4032005620753978,-1.6583406419811932
20.0,256,linear_decay,pchip,gaussian,0.01831604762054386,0.0004791679678861803,0.02188990561620082,0.04493816736683698,-1.6706648906377906
20.0,256,linear_decay,lanczos,ls,6.490540582100509,71.48704381610638,8.455001112720588,25.493297128843047,-1.5103976198652784
20.0,256,linear_decay,lanczos,gaussian,4.535038956632174,40.24828425102958,6.344153548821906,18.948346779459587,-5.14042771575809
20.0,256,quadratic_decay,linear,ls,4.6367082086741374e-05,5.425048556726248e-09,7.365492893707961e-05,0.0004293317984611633,-1.675265904892253
20.0,256,quadratic_decay,linear,gaussian,0.013732556655413591,0.0003657824603884469,0.019125440135809867,0.04032695224990768,-1.6888211637170318
20.0,256,quadratic_decay,polar,ls,2.7389274907118806e-05,3.0197545751962174e-09,5.495229362998616e-05,0.0004293317984611633,-1.6752625284866693
20.0,256,quadratic_decay,polar,gaussian,4.341120056020979e-15,2.3936899485186924e-29,4.892535077563259e-15,1.4210854715202004e-14,-1.6752711210454174
20.0,256,quadratic_decay,pchip,ls,3.650686890173079e-05,3.206515551270207e-09,5.6626103090979224e-05,0.0004293317984611633,-1.6752446653701571
20.0,256,quadratic_decay,pchip,gaussian,0.018843457694518232,0.0006552730771768672,0.025598302232313516,0.0647958259136665,-1.682057853998084
20.0,256,quadratic_decay,lanczos,ls,7.684640109901331,100.34065345871619,10.017018191992873,22.490084668935218,1.1351543983042498
20.0,256,quadratic_decay,lanczos,gaussian,4.332722932209924,36.0793824394993,6.006611560563851,22.161791282394844,-4.782054470554262
20.0,512,uniform,linear,ls,4.076842878740336,35.23677804838649,5.9360574498893195,21.12568659621842,-0.44832669405475917
20.0,512,uniform,linear,fft,10.889657923392708,184.79468262679416,13.593920796694166,39.9995341137827,1.1234840234992032
20.0,512,uniform,linear,gaussian,0.009892602739870813,0.00011268768966975406,0.010615445806453634,0.014863374061351298,-1.6848696801605
20.0,512,uniform,polar,ls,3.2487042401166843,31.39663930529088,5.603270411580265,21.12568659621842,-0.5541906118250906
20.0,512,uniform,polar,fft,11.099583309045864,191.0650694722866,13.822628891505646,39.9995341137827,1.6752481392887912
20.0,512,uniform,polar,gaussian,4.565851400665603e-14,3.555172798782466e-27,5.962526980050041e-14,1.5276668818842154e-13,-1.6752711210454576
20.0,512,uniform,pchip,ls,3.861322694725935,32.326182000972686,5.685611840512214,21.12568659621842,-0.1788286736184866
20.0,512,uniform,pchip,fft,10.708658455703405,182.70430520313008,13.516815645821692,39.9995341137827,-1.5836568186825704
20.0,512,uniform,pchip,gaussian,0.03469674880225352,0.0020275279371893408,0.04502807943038811,0.13031796402524343,-1.6725035039907363
20.0,512,uniform,lanczos,ls,3.2486459310889417,31.269780429868756,5.591938879303739,21.12568659621842,-0.5320183828114871
20.0,512,uniform,lanczos,fft,11.075928201509683,190.17401217401215,13.790359392489092,39.9995341137827,1.6800895849345585
20.0,512,uniform,lanczos,gaussian,0.0043746355604537285,3.76060376143034e-05,0.0061323761801037125,0.018150865229978663,-1.67593664034755
20.0,512,two_density_regions,linear,ls,0.8373199026138254,1.930850064468916,1.3895503101611384,8.371878311030933,-1.4375939519501624
20.0,512,two_density_regions,linear,gaussian,0.00019703943555878227,4.954752506653934e-08,0.00022259273363373598,0.0003657554336911062,-1.6754677736894974
20.0,512,two_density_regions,polar,ls,0.5987546776041822,1.3801113691735682,1.1747814133589143,8.371878311030933,-1.4834300391089759
20.0,512,two_density_regions,polar,gaussian,6.574740751830177e-15,4.830358025229957e-29,6.950077715558263e-15,1.0658141036401503e-14,-1.6752711210454072
20.0,512,two_density_regions,pchip,ls,0.6990965180175246,1.5112061854623693,1.2293112646772457,8.371878311030933,-1.3185200184499994
20.0,512,two_density_regions,pchip,gaussian,0.00027656914042022075,1.2841486226975763e-07,0.0003583501950184451,0.0012103077826797204,-1.6752609945127594
20.0,512,two_density_regions,lanczos,ls,6.957471896484121,79.53209014376253,8.918076594409948,18.035796072708138,1.3398342335519022
20.0,512,two_density_regions,lanczos,gaussian,4.163013320722779,30.557555082413625,5.527888844976319,17.12624330600884,-3.915767336195538
20.0,512,three_density_regions,linear,ls,0.3189967090704095,0.2879501291345072,0.5366098481527405,3.390869134192158,-1.5854985305772022
20.0,512,three_density_regions,linear,gaussian,2.2276737825784876e-05,7.385153087748027e-10,2.7175638148437335e-05,5.980318236176174e-05,-1.6752848891480487
20.0,512,three_density_regions,polar,ls,0.22544339923020834,0.20124068021120203,0.44859857357241123,3.390869134192158,-1.6039790842133441
20.0,512,three_density_regions,polar,gaussian,2.3860913245243865e-15,7.615350921561997e-30,2.759592528175491e-15,7.105427357601002e-15,-1.6752711210454108
20.0,512,three_density_regions,pchip,ls,0.26076794619758015,0.2233490624588557,0.47259820403684955,3.390869134192158,-1.5511472126854169
20.0,512,three_density_regions,pchip,gaussian,3.8483905623422964e-05,2.0626127276736883e-09,4.54159963853452e-05,9.920570814969665e-05,-1.6752498570443077
20.0,512,three_density_regions,lanczos,ls,6.082604249449071,64.00569257647804,8.000355778118749,21.701818928569963,0.21985022146442987
20.0,512,three_density_regions,lanczos,gaussian,4.099328229073815,29.281558569571914,5.411243717443515,13.778567176605312,-4.187576551871648
20.0,512,four_density_regions,linear,ls,0.12832185632395013,0.047038251734240144,0.21688303699054046,1.3928309790986404,-1.6392698017946108
20.0,512,four_density_regions,linear,gaussian,0.0109589635445117,0.00019676095453781105,0.014027150620771528,0.03847098327514331,-1.6722377394609964
20.0,512,four_density_regions,polar,ls,0.09031693670736657,0.032620828962276506,0.1806123721185138,1.3928309790986404,-1.6468461863927144
20.0,512,four_density_regions,polar,gaussian,0.010934308357535732,0.00019623923199545295,0.01400854139428702,0.03847098327514331,-1.6721848932759809
20.0,512,four_density_regions,pchip,ls,0.10542218867383947,0.03685292083191165,0.19197114583163702,1.3928309790986404,-1.6258912829235193
20.0,512,four_density_regions,pchip,gaussian,0.010940416669107665,0.00019650008638713598,0.014017848850202944,0.03847098327514331,-1.6721743593578824
20.0,512,four_density_regions,lanczos,ls,6.034717554546096,63.53413490866664,7.970830252154831,23.146395348028783,0.10100366097757929
20.0,512,four_density_regions,lanczos,gaussian,4.139819841383579,30.005529097591438,5.477730287043297,14.764863631033773,-4.049297514562519
20.0,512,exponential_decay,linear,ls,0.7903153659270782,1.7631099942190684,1.3278215219746472,8.190176328236905,-1.4640952780058303
20.0,512,exponential_decay,linear,gaussian,0.0005478065152209185,3.055568366105204e-07,0.0005527719571491669,0.0006431798953006052,-1.675818927560634
20.0,512,exponential_decay,polar,ls,0.580641534159065,1.3022946446856694,1.1411812497082439,8.190176328236905,-1.489513217079148
20.0,512,exponential_decay,polar,gaussian,6.07633203012862e-14,4.625684443649233e-27,6.801238448730667e-14,1.509903313490213e-13,-1.6752711210454738
20.0,512,exponential_decay,pchip,ls,0.6533490944549757,1.3923511759556046,1.179979311664236,8.190176328236905,-1.3609389976806534
20.0,512,exponential_decay,pchip,gaussian,0.0005346557233023934,3.8688396883326816e-07,0.0006219999749463565,0.0013074045691618963,-1.6750706293816213
20.0,512,exponential_decay,lanczos,ls,4.289343397677761,30.674333382185523,5.53844142175265,18.05651064276074,-1.5941299397457562
20.0,512,exponential_decay,lanczos,gaussian,3.9087586347079717,25.956170746075028,5.094719888872697,11.953822483026169,-4.283674609639172
20.0,512,linear_decay,linear,ls,0.0024561156233767326,1.6483403517528332e-05,0.004059975802579165,0.025369072465853293,-1.6748784597184234
20.0,512,linear_decay,linear,gaussian,0.0007531522559595896,6.851412572502457e-07,0.0008277326000890901,0.0018317208925031636,-1.6760242733013728
20.0,512,linear_decay,polar,ls,0.0016188611874091928,1.0548293631014056e-05,0.0032478136693803814,0.025369072465853293,-1.6747632251485836
20.0,512,linear_decay,polar,gaussian,4.999822778017915e-14,3.383985302596532e-27,5.817203196207377e-14,1.474376176702208e-13,-1.6752711210454634
20.0,512,linear_decay,pchip,ls,0.0018946139829009597,1.101364439589548e-05,0.003318681122960668,0.025369072465853293,-1.6742060055790116
20.0,512,linear_decay,pchip,gaussian,0.0009592261443586897,1.1883112451906912e-06,0.001090096897156712,0.002646438714695165,-1.6750244684904505
20.0,512,linear_decay,lanczos,ls,6.010030835510057,63.0524101805745,7.940554777883879,22.223145746980347,0.3980242623234313
20.0,512,linear_decay,lanczos,gaussian,3.770562626552751,23.803953652458798,4.878929560104224,10.784412805885285,-4.350353278273367
20.0,512,quadratic_decay,linear,ls,7.24488475943715e-07,1.3244871871908533e-12,1.150863670115124e-06,6.708357307871893e-06,-1.675271039543033
20.0,512,quadratic_decay,linear,gaussian,0.0005748086886067839,6.643788827391813e-07,0.0008150944011212328,0.0025726964477179592,-1.6758386912179872
20.0,512,quadratic_decay,polar,ls,4.280393682851713e-07,7.373509275956611e-13,8.586914041701251e-07,6.708357307871893e-06,-1.6752709866212996
20.0,512,quadratic_decay,polar,gaussian,2.9367915506857876e-14,1.0978746823055445e-27,3.3134192042443774e-14,5.5067062021407764e-14,-1.6752711210453841
20.0,512,quadratic_decay,pchip,ls,5.704255096434796e-07,7.82854479838298e-13,8.847906418121171e-07,6.708357307871893e-06,-1.6752707076729811
20.0,512,quadratic_decay,pchip,gaussian,0.001035676282641447,2.1158801727654946e-06,0.00145460653537838,0.004687268678436496,-1.6752376116368608
20.0,512,quadratic_decay,lanczos,ls,6.907209303641472,84.45377145025392,9.189873309804327,21.65192450446172,1.6377525199881304
20.0,512,quadratic_decay,lanczos,gaussian,4.209621558711151,30.01469718512642,5.4785670740738786,11.582755161642503,-4.667788051214094
